{
  "id": "shaynes-box-of-everything",
  "title": "Shayne's box of everything",
  "version": "0.1",
  "compatibility": {
    "minimum": "12",
    "verified": "12"
  },
  "relationships": {
    "requires": [
      {
        "id": "about-time",
        "type": "module",
        "compatibility": {}
      },
      {
        "id": "ActiveAuras",
        "type": "module",
        "compatibility": {}
      },
      {
        "id": "babonus",
        "type": "module",
        "compatibility": {}
      },
      {
        "id": "chris-premades",
        "type": "module",
        "compatibility": {}
      },
      {
        "id": "ddb-importer",
        "type": "module",
        "compatibility": {}
      },
      {
        "id": "dfreds-convenient-effects",
        "type": "module",
        "compatibility": {}
      },
      {
        "id": "effectmacro",
        "type": "module",
        "compatibility": {}
      },
      {
        "id": "magicitems",
        "type": "module",
        "compatibility": {}
      },
      {
        "id": "midi-qol",
        "type": "module",
        "compatibility": {}
      },
      {
        "id": "dae",
        "type": "module",
        "compatibility": {}
      },
      {
        "id": "times-up",
        "type": "module",
        "compatibility": {}
      }
    ],
    "recommends": [
      {
        "id": "ATL",
        "type": "module",
        "compatibility": {}
      },
      {
        "id": "sequencer",
        "type": "module",
        "compatibility": {}
      },
      {
        "id": "smalltime",
        "type": "module",
        "compatibility": {}
      },
      {
        "id": "visual-active-effects",
        "type": "module",
        "compatibility": {}
      }
    ]
  },
  "description": "A compilation of some stuff my brother and I made. Everything is automated by me. Ranging form spells, to classes, subclasses, items, features, etc.",
  "authors": [
    {
      "name": "Shayne",
      "discord": "Lin Dong",
      "flags": {}
    }
  ],
  "packs": [
    {
      "name": "shaynes-box-of-everything-items",
      "label": "Shayne's box of everything Items",
      "path": "packs/shaynes-box-of-everything-items",
      "type": "Item",
      "system": "dnd5e",
      "ownership": {
        "PLAYER": "OBSERVER",
        "ASSISTANT": "OWNER"
      }
    },
    {
      "name": "shaynes-box-of-everything-actors",
      "label": "Shayne's box of everything Actors",
      "path": "packs/shaynes-box-of-everything-actors",
      "type": "Actor",
      "system": "dnd5e",
      "ownership": {
        "PLAYER": "OBSERVER",
        "ASSISTANT": "OWNER"
      }
    },
    {
      "name": "shaynes-box-of-everything-macros",
      "label": "Shayne's box of everything Macros",
      "path": "packs/shaynes-box-of-everything-macros",
      "type": "Macro",
      "system": "dnd5e",
      "ownership": {
        "PLAYER": "OBSERVER",
        "ASSISTANT": "OWNER"
      }
    }
  ],
  "manifest": "https://github.com/ShayneVi/Shayne-s-box-of-everything/releases/download/v0.1/module.json",
  "download": "https://github.com/ShayneVi/Shayne-s-box-of-everything/releases/download/v0.1/shaynes-box-of-everything.zip"

}